subject,course,unit_number,unit_title,project_path,status
Física,01-fundamentos-de-fisica-e-medicao,001,Grandezas físicas fundamentais e derivadas,fisica/cursos/01-fundamentos-de-fisica-e-medicao/curso_aluno/unidades/001-grandezas-fisicas-fundamentais-e-derivadas.html,PENDENTE_VIDEO_DIRETO
Física,01-fundamentos-de-fisica-e-medicao,004,Algarismos significativos e notação científica,fisica/cursos/01-fundamentos-de-fisica-e-medicao/curso_aluno/unidades/004-algarismos-significativos-e-notacao-cientifica.html,PENDENTE_VIDEO_DIRETO
Física,01-fundamentos-de-fisica-e-medicao,005,"Resolução, precisão, acurácia e incerteza de medição",fisica/cursos/01-fundamentos-de-fisica-e-medicao/curso_aluno/unidades/005-resolucao-precisao-acuracia-e-incerteza-de-medicao.html,PENDENTE_VIDEO_DIRETO
Física,01-fundamentos-de-fisica-e-medicao,006,Erros aleatórios e sistemáticos,fisica/cursos/01-fundamentos-de-fisica-e-medicao/curso_aluno/unidades/006-erros-aleatorios-e-sistematicos.html,PENDENTE_VIDEO_DIRETO
Física,01-fundamentos-de-fisica-e-medicao,007,Propagação elementar de incertezas,fisica/cursos/01-fundamentos-de-fisica-e-medicao/curso_aluno/unidades/007-propagacao-elementar-de-incertezas.html,PENDENTE_VIDEO_DIRETO
Física,01-fundamentos-de-fisica-e-medicao,008,Dimensões físicas e equações dimensionais,fisica/cursos/01-fundamentos-de-fisica-e-medicao/curso_aluno/unidades/008-dimensoes-fisicas-e-equacoes-dimensionais.html,PENDENTE_VIDEO_DIRETO
Física,01-fundamentos-de-fisica-e-medicao,009,Análise dimensional como teste de consistência,fisica/cursos/01-fundamentos-de-fisica-e-medicao/curso_aluno/unidades/009-analise-dimensional-como-teste-de-consistencia.html,PENDENTE_VIDEO_DIRETO
Física,01-fundamentos-de-fisica-e-medicao,010,Ordem de grandeza e estimativas de Fermi,fisica/cursos/01-fundamentos-de-fisica-e-medicao/curso_aluno/unidades/010-ordem-de-grandeza-e-estimativas-de-fermi.html,PENDENTE_VIDEO_DIRETO
Física,01-fundamentos-de-fisica-e-medicao,011,"Proporcionalidade, linearização e leitura de gráficos",fisica/cursos/01-fundamentos-de-fisica-e-medicao/curso_aluno/unidades/011-proporcionalidade-linearizacao-e-leitura-de-graficos.html,PENDENTE_VIDEO_DIRETO
Física,01-fundamentos-de-fisica-e-medicao,012,Ajuste de modelo a dados e interpretação de resíduos,fisica/cursos/01-fundamentos-de-fisica-e-medicao/curso_aluno/unidades/012-ajuste-de-modelo-a-dados-e-interpretacao-de-residuos.html,PENDENTE_VIDEO_DIRETO
Física,01-fundamentos-de-fisica-e-medicao,013,"Planejamento experimental: variável independente, dependente e controle",fisica/cursos/01-fundamentos-de-fisica-e-medicao/curso_aluno/unidades/013-planejamento-experimental-variavel-independente-dependente-e-controle.html,PENDENTE_VIDEO_DIRETO
Física,02-mecanica-classica,014,Ponto material e corpo extenso,fisica/cursos/02-mecanica-classica/curso_aluno/unidades/014-ponto-material-e-corpo-extenso.html,PENDENTE_VIDEO_DIRETO
Física,02-mecanica-classica,039,Inversão de movimento no MUV,fisica/cursos/02-mecanica-classica/curso_aluno/unidades/039-inversao-de-movimento-no-muv.html,PENDENTE_VIDEO_DIRETO
Física,02-mecanica-classica,041,Lançamento vertical no vácuo,fisica/cursos/02-mecanica-classica/curso_aluno/unidades/041-lancamento-vertical-no-vacuo.html,PENDENTE_VIDEO_DIRETO
Física,02-mecanica-classica,049,Deslocamento vetorial,fisica/cursos/02-mecanica-classica/curso_aluno/unidades/049-deslocamento-vetorial.html,PENDENTE_VIDEO_DIRETO
Física,02-mecanica-classica,065,"Sistema físico, objeto e modelo dinâmico",fisica/cursos/02-mecanica-classica/curso_aluno/unidades/065-sistema-fisico-objeto-e-modelo-dinamico.html,PENDENTE_VIDEO_DIRETO
Física,02-mecanica-classica,105,Curva inclinada e superelevação,fisica/cursos/02-mecanica-classica/curso_aluno/unidades/105-curva-inclinada-e-superelevacao.html,PENDENTE_VIDEO_DIRETO
Física,02-mecanica-classica,143,Balanço energético com trabalho externo,fisica/cursos/02-mecanica-classica/curso_aluno/unidades/143-balanco-energetico-com-trabalho-externo.html,PENDENTE_VIDEO_DIRETO
Física,02-mecanica-classica,153,Impulso de força constante,fisica/cursos/02-mecanica-classica/curso_aluno/unidades/153-impulso-de-forca-constante.html,PENDENTE_VIDEO_DIRETO
Física,02-mecanica-classica,154,Impulso de força variável pelo gráfico F×t,fisica/cursos/02-mecanica-classica/curso_aluno/unidades/154-impulso-de-forca-variavel-pelo-grafico-ft.html,PENDENTE_VIDEO_DIRETO
Física,02-mecanica-classica,155,Força média e impulso equivalente,fisica/cursos/02-mecanica-classica/curso_aluno/unidades/155-forca-media-e-impulso-equivalente.html,PENDENTE_VIDEO_DIRETO
Física,02-mecanica-classica,156,Componentes vetoriais do impulso,fisica/cursos/02-mecanica-classica/curso_aluno/unidades/156-componentes-vetoriais-do-impulso.html,PENDENTE_VIDEO_DIRETO
Física,02-mecanica-classica,160,Teorema do impulso para força variável,fisica/cursos/02-mecanica-classica/curso_aluno/unidades/160-teorema-do-impulso-para-forca-variavel.html,PENDENTE_VIDEO_DIRETO
Física,02-mecanica-classica,162,Forças internas e forças externas,fisica/cursos/02-mecanica-classica/curso_aluno/unidades/162-forcas-internas-e-forcas-externas.html,PENDENTE_VIDEO_DIRETO
Física,02-mecanica-classica,163,Impulso externo e variação do momento total,fisica/cursos/02-mecanica-classica/curso_aluno/unidades/163-impulso-externo-e-variacao-do-momento-total.html,PENDENTE_VIDEO_DIRETO
Física,02-mecanica-classica,165,Sistema isolado e sistema aproximadamente isolado,fisica/cursos/02-mecanica-classica/curso_aluno/unidades/165-sistema-isolado-e-sistema-aproximadamente-isolado.html,PENDENTE_VIDEO_DIRETO
Física,02-mecanica-classica,166,Recuo,fisica/cursos/02-mecanica-classica/curso_aluno/unidades/166-recuo.html,PENDENTE_VIDEO_DIRETO
Física,02-mecanica-classica,167,Explosões e separações internas,fisica/cursos/02-mecanica-classica/curso_aluno/unidades/167-explosoes-e-separacoes-internas.html,PENDENTE_VIDEO_DIRETO
Física,02-mecanica-classica,168,Conservação vetorial em duas dimensões,fisica/cursos/02-mecanica-classica/curso_aluno/unidades/168-conservacao-vetorial-em-duas-dimensoes.html,PENDENTE_VIDEO_DIRETO
Física,02-mecanica-classica,172,Colisão unidimensional,fisica/cursos/02-mecanica-classica/curso_aluno/unidades/172-colisao-unidimensional.html,PENDENTE_VIDEO_DIRETO
Física,02-mecanica-classica,173,Colisão bidimensional,fisica/cursos/02-mecanica-classica/curso_aluno/unidades/173-colisao-bidimensional.html,PENDENTE_VIDEO_DIRETO
Física,02-mecanica-classica,175,Colisão perfeitamente elástica,fisica/cursos/02-mecanica-classica/curso_aluno/unidades/175-colisao-perfeitamente-elastica.html,PENDENTE_VIDEO_DIRETO
Física,02-mecanica-classica,176,Colisão parcialmente elástica,fisica/cursos/02-mecanica-classica/curso_aluno/unidades/176-colisao-parcialmente-elastica.html,PENDENTE_VIDEO_DIRETO
Física,02-mecanica-classica,179,Coeficiente de restituição,fisica/cursos/02-mecanica-classica/curso_aluno/unidades/179-coeficiente-de-restituicao.html,PENDENTE_VIDEO_DIRETO
Física,02-mecanica-classica,181,Colisão elástica entre massas iguais,fisica/cursos/02-mecanica-classica/curso_aluno/unidades/181-colisao-elastica-entre-massas-iguais.html,PENDENTE_VIDEO_DIRETO
Física,02-mecanica-classica,182,Colisão oblíqua contra superfície,fisica/cursos/02-mecanica-classica/curso_aluno/unidades/182-colisao-obliqua-contra-superficie.html,PENDENTE_VIDEO_DIRETO
Física,02-mecanica-classica,185,Centro de massa no plano e no espaço,fisica/cursos/02-mecanica-classica/curso_aluno/unidades/185-centro-de-massa-no-plano-e-no-espaco.html,PENDENTE_VIDEO_DIRETO
Física,02-mecanica-classica,187,Velocidade do centro de massa,fisica/cursos/02-mecanica-classica/curso_aluno/unidades/187-velocidade-do-centro-de-massa.html,PENDENTE_VIDEO_DIRETO
Física,02-mecanica-classica,188,Momento total e velocidade do centro de massa,fisica/cursos/02-mecanica-classica/curso_aluno/unidades/188-momento-total-e-velocidade-do-centro-de-massa.html,PENDENTE_VIDEO_DIRETO
Física,02-mecanica-classica,189,Aceleração do centro de massa e força externa,fisica/cursos/02-mecanica-classica/curso_aluno/unidades/189-aceleracao-do-centro-de-massa-e-forca-externa.html,PENDENTE_VIDEO_DIRETO
Física,02-mecanica-classica,190,Movimento interno com centro de massa,fisica/cursos/02-mecanica-classica/curso_aluno/unidades/190-movimento-interno-com-centro-de-massa.html,PENDENTE_VIDEO_DIRETO
Física,02-mecanica-classica,193,Sistema Solar como sistema gravitacional,fisica/cursos/02-mecanica-classica/curso_aluno/unidades/193-sistema-solar-como-sistema-gravitacional.html,PENDENTE_VIDEO_DIRETO
Física,02-mecanica-classica,194,Escalas astronômicas e unidade astronômica,fisica/cursos/02-mecanica-classica/curso_aluno/unidades/194-escalas-astronomicas-e-unidade-astronomica.html,PENDENTE_VIDEO_DIRETO
Física,02-mecanica-classica,195,Rotação da Terra,fisica/cursos/02-mecanica-classica/curso_aluno/unidades/195-rotacao-da-terra.html,PENDENTE_VIDEO_DIRETO
Física,02-mecanica-classica,196,Translação da Terra,fisica/cursos/02-mecanica-classica/curso_aluno/unidades/196-translacao-da-terra.html,PENDENTE_VIDEO_DIRETO
Física,02-mecanica-classica,197,Modelos geocêntrico e heliocêntrico,fisica/cursos/02-mecanica-classica/curso_aluno/unidades/197-modelos-geocentrico-e-heliocentrico.html,PENDENTE_VIDEO_DIRETO
Física,02-mecanica-classica,198,Elipse e focos na descrição orbital,fisica/cursos/02-mecanica-classica/curso_aluno/unidades/198-elipse-e-focos-na-descricao-orbital.html,PENDENTE_VIDEO_DIRETO
Física,02-mecanica-classica,201,Velocidade orbital em órbita elíptica,fisica/cursos/02-mecanica-classica/curso_aluno/unidades/201-velocidade-orbital-em-orbita-eliptica.html,PENDENTE_VIDEO_DIRETO
Física,02-mecanica-classica,203,Comparação de períodos e raios orbitais,fisica/cursos/02-mecanica-classica/curso_aluno/unidades/203-comparacao-de-periodos-e-raios-orbitais.html,PENDENTE_VIDEO_DIRETO
Física,02-mecanica-classica,205,Interação gravitacional universal,fisica/cursos/02-mecanica-classica/curso_aluno/unidades/205-interacao-gravitacional-universal.html,PENDENTE_VIDEO_DIRETO
Física,02-mecanica-classica,206,Lei da Gravitação Universal,fisica/cursos/02-mecanica-classica/curso_aluno/unidades/206-lei-da-gravitacao-universal.html,PENDENTE_VIDEO_DIRETO
Física,02-mecanica-classica,207,Natureza vetorial e par ação–reação gravitacional,fisica/cursos/02-mecanica-classica/curso_aluno/unidades/207-natureza-vetorial-e-par-acaoreacao-gravitacional.html,PENDENTE_VIDEO_DIRETO
Física,02-mecanica-classica,208,Constante gravitacional G,fisica/cursos/02-mecanica-classica/curso_aluno/unidades/208-constante-gravitacional-g.html,PENDENTE_VIDEO_DIRETO
Física,02-mecanica-classica,209,Lei do inverso do quadrado,fisica/cursos/02-mecanica-classica/curso_aluno/unidades/209-lei-do-inverso-do-quadrado.html,PENDENTE_VIDEO_DIRETO
Física,02-mecanica-classica,210,Campo gravitacional,fisica/cursos/02-mecanica-classica/curso_aluno/unidades/210-campo-gravitacional.html,PENDENTE_VIDEO_DIRETO
Física,02-mecanica-classica,211,Campo de uma massa esférica e variação com a altitude,fisica/cursos/02-mecanica-classica/curso_aluno/unidades/211-campo-de-uma-massa-esferica-e-variacao-com-a-altitude.html,PENDENTE_VIDEO_DIRETO
Física,02-mecanica-classica,213,Aceleração centrípeta na rotação terrestre,fisica/cursos/02-mecanica-classica/curso_aluno/unidades/213-aceleracao-centripeta-na-rotacao-terrestre.html,PENDENTE_VIDEO_DIRETO
Física,02-mecanica-classica,214,Peso aparente e força normal,fisica/cursos/02-mecanica-classica/curso_aluno/unidades/214-peso-aparente-e-forca-normal.html,PENDENTE_VIDEO_DIRETO
Física,02-mecanica-classica,215,Efeito da latitude no peso aparente,fisica/cursos/02-mecanica-classica/curso_aluno/unidades/215-efeito-da-latitude-no-peso-aparente.html,PENDENTE_VIDEO_DIRETO
Física,02-mecanica-classica,216,"Equador, polos e ordem de grandeza do efeito rotacional",fisica/cursos/02-mecanica-classica/curso_aluno/unidades/216-equador-polos-e-ordem-de-grandeza-do-efeito-rotacional.html,PENDENTE_VIDEO_DIRETO
Física,02-mecanica-classica,217,Imponderabilidade e queda livre orbital,fisica/cursos/02-mecanica-classica/curso_aluno/unidades/217-imponderabilidade-e-queda-livre-orbital.html,PENDENTE_VIDEO_DIRETO
Física,02-mecanica-classica,218,Gravidade como resultante centrípeta em órbita circular,fisica/cursos/02-mecanica-classica/curso_aluno/unidades/218-gravidade-como-resultante-centripeta-em-orbita-circular.html,PENDENTE_VIDEO_DIRETO
Física,02-mecanica-classica,220,Período orbital circular,fisica/cursos/02-mecanica-classica/curso_aluno/unidades/220-periodo-orbital-circular.html,PENDENTE_VIDEO_DIRETO
Física,02-mecanica-classica,222,Órbitas rasantes e dependência com o raio,fisica/cursos/02-mecanica-classica/curso_aluno/unidades/222-orbitas-rasantes-e-dependencia-com-o-raio.html,PENDENTE_VIDEO_DIRETO
Física,02-mecanica-classica,223,Velocidade de escape,fisica/cursos/02-mecanica-classica/curso_aluno/unidades/223-velocidade-de-escape.html,PENDENTE_VIDEO_DIRETO
Física,02-mecanica-classica,225,Força gravitacional como força conservativa,fisica/cursos/02-mecanica-classica/curso_aluno/unidades/225-forca-gravitacional-como-forca-conservativa.html,PENDENTE_VIDEO_DIRETO
Física,02-mecanica-classica,226,Energia potencial gravitacional geral,fisica/cursos/02-mecanica-classica/curso_aluno/unidades/226-energia-potencial-gravitacional-geral.html,PENDENTE_VIDEO_DIRETO
Física,02-mecanica-classica,227,Referência de energia potencial no infinito,fisica/cursos/02-mecanica-classica/curso_aluno/unidades/227-referencia-de-energia-potencial-no-infinito.html,PENDENTE_VIDEO_DIRETO
Física,02-mecanica-classica,229,Energia mecânica de órbita circular,fisica/cursos/02-mecanica-classica/curso_aluno/unidades/229-energia-mecanica-de-orbita-circular.html,PENDENTE_VIDEO_DIRETO
Física,02-mecanica-classica,230,"Estados ligados, não ligados e critério de escape",fisica/cursos/02-mecanica-classica/curso_aluno/unidades/230-estados-ligados-nao-ligados-e-criterio-de-escape.html,PENDENTE_VIDEO_DIRETO
Física,02-mecanica-classica,233,Momento de inércia e distribuição de massa,fisica/cursos/02-mecanica-classica/curso_aluno/unidades/233-momento-de-inercia-e-distribuicao-de-massa.html,PENDENTE_VIDEO_DIRETO
Física,02-mecanica-classica,234,Segunda lei para rotação,fisica/cursos/02-mecanica-classica/curso_aluno/unidades/234-segunda-lei-para-rotacao.html,PENDENTE_VIDEO_DIRETO
Física,02-mecanica-classica,235,Energia cinética de rotação,fisica/cursos/02-mecanica-classica/curso_aluno/unidades/235-energia-cinetica-de-rotacao.html,PENDENTE_VIDEO_DIRETO
Física,02-mecanica-classica,236,Trabalho e potência na rotação,fisica/cursos/02-mecanica-classica/curso_aluno/unidades/236-trabalho-e-potencia-na-rotacao.html,PENDENTE_VIDEO_DIRETO
Física,02-mecanica-classica,237,Momento angular,fisica/cursos/02-mecanica-classica/curso_aluno/unidades/237-momento-angular.html,PENDENTE_VIDEO_DIRETO
Física,02-mecanica-classica,238,Conservação do momento angular,fisica/cursos/02-mecanica-classica/curso_aluno/unidades/238-conservacao-do-momento-angular.html,PENDENTE_VIDEO_DIRETO
Física,02-mecanica-classica,239,Rolamento sem deslizamento,fisica/cursos/02-mecanica-classica/curso_aluno/unidades/239-rolamento-sem-deslizamento.html,PENDENTE_VIDEO_DIRETO
Física,02-mecanica-classica,240,Equilíbrio rotacional de corpos extensos,fisica/cursos/02-mecanica-classica/curso_aluno/unidades/240-equilibrio-rotacional-de-corpos-extensos.html,PENDENTE_VIDEO_DIRETO
Física,02-mecanica-classica,241,Condições de equilíbrio translacional e rotacional,fisica/cursos/02-mecanica-classica/curso_aluno/unidades/241-condicoes-de-equilibrio-translacional-e-rotacional.html,PENDENTE_VIDEO_DIRETO
Física,02-mecanica-classica,242,Centro de gravidade e estabilidade,fisica/cursos/02-mecanica-classica/curso_aluno/unidades/242-centro-de-gravidade-e-estabilidade.html,PENDENTE_VIDEO_DIRETO
Física,02-mecanica-classica,243,Alavancas e vantagem mecânica,fisica/cursos/02-mecanica-classica/curso_aluno/unidades/243-alavancas-e-vantagem-mecanica.html,PENDENTE_VIDEO_DIRETO
Física,02-mecanica-classica,244,Treliças e decomposição de forças em equilíbrio,fisica/cursos/02-mecanica-classica/curso_aluno/unidades/244-trelicas-e-decomposicao-de-forcas-em-equilibrio.html,PENDENTE_VIDEO_DIRETO
Física,02-mecanica-classica,245,"Tensão, deformação e módulo de Young",fisica/cursos/02-mecanica-classica/curso_aluno/unidades/245-tensao-deformacao-e-modulo-de-young.html,PENDENTE_VIDEO_DIRETO
Física,02-mecanica-classica,246,Limite elástico e comportamento de materiais,fisica/cursos/02-mecanica-classica/curso_aluno/unidades/246-limite-elastico-e-comportamento-de-materiais.html,PENDENTE_VIDEO_DIRETO
Física,02-mecanica-classica,247,Massa específica e densidade relativa,fisica/cursos/02-mecanica-classica/curso_aluno/unidades/247-massa-especifica-e-densidade-relativa.html,PENDENTE_VIDEO_DIRETO
Física,02-mecanica-classica,248,Pressão em fluidos,fisica/cursos/02-mecanica-classica/curso_aluno/unidades/248-pressao-em-fluidos.html,PENDENTE_VIDEO_DIRETO
Física,02-mecanica-classica,250,Princípio de Pascal e prensa hidráulica,fisica/cursos/02-mecanica-classica/curso_aluno/unidades/250-principio-de-pascal-e-prensa-hidraulica.html,PENDENTE_VIDEO_DIRETO
Física,02-mecanica-classica,253,Vazão e equação da continuidade,fisica/cursos/02-mecanica-classica/curso_aluno/unidades/253-vazao-e-equacao-da-continuidade.html,PENDENTE_VIDEO_DIRETO
Física,02-mecanica-classica,254,Equação de Bernoulli e conservação de energia no escoamento,fisica/cursos/02-mecanica-classica/curso_aluno/unidades/254-equacao-de-bernoulli-e-conservacao-de-energia-no-escoamento.html,PENDENTE_VIDEO_DIRETO
Física,02-mecanica-classica,255,Teorema de Torricelli,fisica/cursos/02-mecanica-classica/curso_aluno/unidades/255-teorema-de-torricelli.html,PENDENTE_VIDEO_DIRETO
Física,02-mecanica-classica,256,"Viscosidade, regime laminar e turbulento",fisica/cursos/02-mecanica-classica/curso_aluno/unidades/256-viscosidade-regime-laminar-e-turbulento.html,PENDENTE_VIDEO_DIRETO
Física,02-mecanica-classica,257,Tensão superficial e capilaridade,fisica/cursos/02-mecanica-classica/curso_aluno/unidades/257-tensao-superficial-e-capilaridade.html,PENDENTE_VIDEO_DIRETO
Física,03-termologia-e-termodinamica,258,Equilíbrio térmico e Lei Zero da Termodinâmica,fisica/cursos/03-termologia-e-termodinamica/curso_aluno/unidades/258-equilibrio-termico-e-lei-zero-da-termodinamica.html,PENDENTE_VIDEO_DIRETO
Física,03-termologia-e-termodinamica,262,Termômetros e calibração,fisica/cursos/03-termologia-e-termodinamica/curso_aluno/unidades/262-termometros-e-calibracao.html,PENDENTE_VIDEO_DIRETO
Física,03-termologia-e-termodinamica,266,Dilatação de líquidos e recipientes,fisica/cursos/03-termologia-e-termodinamica/curso_aluno/unidades/266-dilatacao-de-liquidos-e-recipientes.html,PENDENTE_VIDEO_DIRETO
Física,03-termologia-e-termodinamica,267,Comportamento anômalo da água,fisica/cursos/03-termologia-e-termodinamica/curso_aluno/unidades/267-comportamento-anomalo-da-agua.html,PENDENTE_VIDEO_DIRETO
Física,03-termologia-e-termodinamica,268,"Calor, energia interna e transferência térmica",fisica/cursos/03-termologia-e-termodinamica/curso_aluno/unidades/268-calor-energia-interna-e-transferencia-termica.html,PENDENTE_VIDEO_DIRETO
Física,03-termologia-e-termodinamica,272,Equilíbrio térmico em misturas e calorímetros,fisica/cursos/03-termologia-e-termodinamica/curso_aluno/unidades/272-equilibrio-termico-em-misturas-e-calorimetros.html,PENDENTE_VIDEO_DIRETO
Física,03-termologia-e-termodinamica,273,Diagramas de fase e ponto triplo,fisica/cursos/03-termologia-e-termodinamica/curso_aluno/unidades/273-diagramas-de-fase-e-ponto-triplo.html,PENDENTE_VIDEO_DIRETO
Física,03-termologia-e-termodinamica,274,Curvas de aquecimento e resfriamento,fisica/cursos/03-termologia-e-termodinamica/curso_aluno/unidades/274-curvas-de-aquecimento-e-resfriamento.html,PENDENTE_VIDEO_DIRETO
Física,03-termologia-e-termodinamica,275,Condução térmica e lei de Fourier qualitativa,fisica/cursos/03-termologia-e-termodinamica/curso_aluno/unidades/275-conducao-termica-e-lei-de-fourier-qualitativa.html,PENDENTE_VIDEO_DIRETO
Física,03-termologia-e-termodinamica,278,"Emissividade, absorção e equilíbrio radiativo",fisica/cursos/03-termologia-e-termodinamica/curso_aluno/unidades/278-emissividade-absorcao-e-equilibrio-radiativo.html,PENDENTE_VIDEO_DIRETO
Física,03-termologia-e-termodinamica,279,Efeito estufa como balanço radiativo,fisica/cursos/03-termologia-e-termodinamica/curso_aluno/unidades/279-efeito-estufa-como-balanco-radiativo.html,PENDENTE_VIDEO_DIRETO
Física,03-termologia-e-termodinamica,280,"Variáveis de estado: pressão, volume e temperatura",fisica/cursos/03-termologia-e-termodinamica/curso_aluno/unidades/280-variaveis-de-estado-pressao-volume-e-temperatura.html,PENDENTE_VIDEO_DIRETO
Física,03-termologia-e-termodinamica,281,Transformações gasosas e leis empíricas,fisica/cursos/03-termologia-e-termodinamica/curso_aluno/unidades/281-transformacoes-gasosas-e-leis-empiricas.html,PENDENTE_VIDEO_DIRETO
Física,03-termologia-e-termodinamica,283,Mistura de gases e pressão parcial,fisica/cursos/03-termologia-e-termodinamica/curso_aluno/unidades/283-mistura-de-gases-e-pressao-parcial.html,PENDENTE_VIDEO_DIRETO
Física,03-termologia-e-termodinamica,284,Teoria cinética dos gases,fisica/cursos/03-termologia-e-termodinamica/curso_aluno/unidades/284-teoria-cinetica-dos-gases.html,PENDENTE_VIDEO_DIRETO
Física,03-termologia-e-termodinamica,285,Energia interna de gás ideal,fisica/cursos/03-termologia-e-termodinamica/curso_aluno/unidades/285-energia-interna-de-gas-ideal.html,PENDENTE_VIDEO_DIRETO
Física,03-termologia-e-termodinamica,286,Velocidade molecular e interpretação microscópica da temperatura,fisica/cursos/03-termologia-e-termodinamica/curso_aluno/unidades/286-velocidade-molecular-e-interpretacao-microscopica-da-temperatura.html,PENDENTE_VIDEO_DIRETO
Física,03-termologia-e-termodinamica,287,Trabalho em transformações gasosas e diagrama p×V,fisica/cursos/03-termologia-e-termodinamica/curso_aluno/unidades/287-trabalho-em-transformacoes-gasosas-e-diagrama-pv.html,PENDENTE_VIDEO_DIRETO
Física,03-termologia-e-termodinamica,288,Primeira Lei da Termodinâmica,fisica/cursos/03-termologia-e-termodinamica/curso_aluno/unidades/288-primeira-lei-da-termodinamica.html,PENDENTE_VIDEO_DIRETO
Física,03-termologia-e-termodinamica,292,Transformação adiabática,fisica/cursos/03-termologia-e-termodinamica/curso_aluno/unidades/292-transformacao-adiabatica.html,PENDENTE_VIDEO_DIRETO
Física,03-termologia-e-termodinamica,293,Transformações cíclicas e trabalho líquido,fisica/cursos/03-termologia-e-termodinamica/curso_aluno/unidades/293-transformacoes-ciclicas-e-trabalho-liquido.html,PENDENTE_VIDEO_DIRETO
Física,03-termologia-e-termodinamica,294,Irreversibilidade e sentido espontâneo dos processos,fisica/cursos/03-termologia-e-termodinamica/curso_aluno/unidades/294-irreversibilidade-e-sentido-espontaneo-dos-processos.html,PENDENTE_VIDEO_DIRETO
Física,03-termologia-e-termodinamica,297,Refrigeradores e coeficiente de performance,fisica/cursos/03-termologia-e-termodinamica/curso_aluno/unidades/297-refrigeradores-e-coeficiente-de-performance.html,PENDENTE_VIDEO_DIRETO
Física,03-termologia-e-termodinamica,298,Segunda Lei da Termodinâmica,fisica/cursos/03-termologia-e-termodinamica/curso_aluno/unidades/298-segunda-lei-da-termodinamica.html,PENDENTE_VIDEO_DIRETO
Física,03-termologia-e-termodinamica,299,Entropia em nível de Ensino Médio,fisica/cursos/03-termologia-e-termodinamica/curso_aluno/unidades/299-entropia-em-nivel-de-ensino-medio.html,PENDENTE_VIDEO_DIRETO
Física,03-termologia-e-termodinamica,300,Limites termodinâmicos de conversão de energia,fisica/cursos/03-termologia-e-termodinamica/curso_aluno/unidades/300-limites-termodinamicos-de-conversao-de-energia.html,PENDENTE_VIDEO_DIRETO
Física,04-oscilacoes-ondas-e-acustica,301,"Movimento periódico, período e frequência",fisica/cursos/04-oscilacoes-ondas-e-acustica/curso_aluno/unidades/301-movimento-periodico-periodo-e-frequencia.html,PENDENTE_VIDEO_DIRETO
Física,04-oscilacoes-ondas-e-acustica,302,Movimento Harmônico Simples,fisica/cursos/04-oscilacoes-ondas-e-acustica/curso_aluno/unidades/302-movimento-harmonico-simples.html,PENDENTE_VIDEO_DIRETO
Física,04-oscilacoes-ondas-e-acustica,303,Sistema massa–mola,fisica/cursos/04-oscilacoes-ondas-e-acustica/curso_aluno/unidades/303-sistema-massamola.html,PENDENTE_VIDEO_DIRETO
Física,04-oscilacoes-ondas-e-acustica,304,Pêndulo simples e aproximação de pequenos ângulos,fisica/cursos/04-oscilacoes-ondas-e-acustica/curso_aluno/unidades/304-pendulo-simples-e-aproximacao-de-pequenos-angulos.html,PENDENTE_VIDEO_DIRETO
Física,04-oscilacoes-ondas-e-acustica,305,Energia no MHS,fisica/cursos/04-oscilacoes-ondas-e-acustica/curso_aluno/unidades/305-energia-no-mhs.html,PENDENTE_VIDEO_DIRETO
Física,04-oscilacoes-ondas-e-acustica,306,Fase e representação senoidal,fisica/cursos/04-oscilacoes-ondas-e-acustica/curso_aluno/unidades/306-fase-e-representacao-senoidal.html,PENDENTE_VIDEO_DIRETO
Física,04-oscilacoes-ondas-e-acustica,307,Oscilações amortecidas e forçadas,fisica/cursos/04-oscilacoes-ondas-e-acustica/curso_aluno/unidades/307-oscilacoes-amortecidas-e-forcadas.html,PENDENTE_VIDEO_DIRETO
Física,04-oscilacoes-ondas-e-acustica,308,Ressonância,fisica/cursos/04-oscilacoes-ondas-e-acustica/curso_aluno/unidades/308-ressonancia.html,PENDENTE_VIDEO_DIRETO
Física,04-oscilacoes-ondas-e-acustica,309,Pulso e propagação de perturbações,fisica/cursos/04-oscilacoes-ondas-e-acustica/curso_aluno/unidades/309-pulso-e-propagacao-de-perturbacoes.html,PENDENTE_VIDEO_DIRETO
Física,04-oscilacoes-ondas-e-acustica,313,Princípio da superposição,fisica/cursos/04-oscilacoes-ondas-e-acustica/curso_aluno/unidades/313-principio-da-superposicao.html,PENDENTE_VIDEO_DIRETO
Física,04-oscilacoes-ondas-e-acustica,318,Ondas estacionárias,fisica/cursos/04-oscilacoes-ondas-e-acustica/curso_aluno/unidades/318-ondas-estacionarias.html,PENDENTE_VIDEO_DIRETO
Física,04-oscilacoes-ondas-e-acustica,319,Polarização de ondas transversais,fisica/cursos/04-oscilacoes-ondas-e-acustica/curso_aluno/unidades/319-polarizacao-de-ondas-transversais.html,PENDENTE_VIDEO_DIRETO
Física,04-oscilacoes-ondas-e-acustica,320,Dispersão e velocidade de fase,fisica/cursos/04-oscilacoes-ondas-e-acustica/curso_aluno/unidades/320-dispersao-e-velocidade-de-fase.html,PENDENTE_VIDEO_DIRETO
Física,04-oscilacoes-ondas-e-acustica,321,Som como onda mecânica longitudinal,fisica/cursos/04-oscilacoes-ondas-e-acustica/curso_aluno/unidades/321-som-como-onda-mecanica-longitudinal.html,PENDENTE_VIDEO_DIRETO
Física,04-oscilacoes-ondas-e-acustica,323,"Frequência, altura e espectro sonoro",fisica/cursos/04-oscilacoes-ondas-e-acustica/curso_aluno/unidades/323-frequencia-altura-e-espectro-sonoro.html,PENDENTE_VIDEO_DIRETO
Física,04-oscilacoes-ondas-e-acustica,326,Timbre e análise harmônica,fisica/cursos/04-oscilacoes-ondas-e-acustica/curso_aluno/unidades/326-timbre-e-analise-harmonica.html,PENDENTE_VIDEO_DIRETO
Física,04-oscilacoes-ondas-e-acustica,327,Cordas vibrantes e modos normais,fisica/cursos/04-oscilacoes-ondas-e-acustica/curso_aluno/unidades/327-cordas-vibrantes-e-modos-normais.html,PENDENTE_VIDEO_DIRETO
Física,04-oscilacoes-ondas-e-acustica,328,Tubos sonoros abertos e fechados,fisica/cursos/04-oscilacoes-ondas-e-acustica/curso_aluno/unidades/328-tubos-sonoros-abertos-e-fechados.html,PENDENTE_VIDEO_DIRETO
Física,04-oscilacoes-ondas-e-acustica,329,Batimentos,fisica/cursos/04-oscilacoes-ondas-e-acustica/curso_aluno/unidades/329-batimentos.html,PENDENTE_VIDEO_DIRETO
Física,04-oscilacoes-ondas-e-acustica,331,Ressonância acústica,fisica/cursos/04-oscilacoes-ondas-e-acustica/curso_aluno/unidades/331-ressonancia-acustica.html,PENDENTE_VIDEO_DIRETO
Física,05-optica,332,"Luz, raios e aproximação da óptica geométrica",fisica/cursos/05-optica/curso_aluno/unidades/332-luz-raios-e-aproximacao-da-optica-geometrica.html,PENDENTE_VIDEO_DIRETO
Física,05-optica,333,"Princípios de propagação retilínea, reversibilidade e independência",fisica/cursos/05-optica/curso_aluno/unidades/333-principios-de-propagacao-retilinea-reversibilidade-e-independencia.html,PENDENTE_VIDEO_DIRETO
Física,05-optica,334,"Sombra, penumbra, eclipses e câmara escura",fisica/cursos/05-optica/curso_aluno/unidades/334-sombra-penumbra-eclipses-e-camara-escura.html,PENDENTE_VIDEO_DIRETO
Física,05-optica,337,Associação e rotação de espelhos planos,fisica/cursos/05-optica/curso_aluno/unidades/337-associacao-e-rotacao-de-espelhos-planos.html,PENDENTE_VIDEO_DIRETO
Física,05-optica,340,Aumento linear transversal em espelhos,fisica/cursos/05-optica/curso_aluno/unidades/340-aumento-linear-transversal-em-espelhos.html,PENDENTE_VIDEO_DIRETO
Física,05-optica,345,Lâminas de faces paralelas,fisica/cursos/05-optica/curso_aluno/unidades/345-laminas-de-faces-paralelas.html,PENDENTE_VIDEO_DIRETO
Física,05-optica,346,Prismas e desvio angular,fisica/cursos/05-optica/curso_aluno/unidades/346-prismas-e-desvio-angular.html,PENDENTE_VIDEO_DIRETO
Física,05-optica,347,Profundidade aparente e dioptro plano,fisica/cursos/05-optica/curso_aluno/unidades/347-profundidade-aparente-e-dioptro-plano.html,PENDENTE_VIDEO_DIRETO
Física,05-optica,349,Lentes delgadas convergentes e divergentes,fisica/cursos/05-optica/curso_aluno/unidades/349-lentes-delgadas-convergentes-e-divergentes.html,PENDENTE_VIDEO_DIRETO
Física,05-optica,350,Raios notáveis em lentes,fisica/cursos/05-optica/curso_aluno/unidades/350-raios-notaveis-em-lentes.html,PENDENTE_VIDEO_DIRETO
Física,05-optica,351,Equação de Gauss para lentes,fisica/cursos/05-optica/curso_aluno/unidades/351-equacao-de-gauss-para-lentes.html,PENDENTE_VIDEO_DIRETO
Física,05-optica,352,Aumento linear em lentes,fisica/cursos/05-optica/curso_aluno/unidades/352-aumento-linear-em-lentes.html,PENDENTE_VIDEO_DIRETO
Física,05-optica,353,Vergência e associação de lentes,fisica/cursos/05-optica/curso_aluno/unidades/353-vergencia-e-associacao-de-lentes.html,PENDENTE_VIDEO_DIRETO
Física,05-optica,356,"Lupa, microscópio e telescópio em nível conceitual",fisica/cursos/05-optica/curso_aluno/unidades/356-lupa-microscopio-e-telescopio-em-nivel-conceitual.html,PENDENTE_VIDEO_DIRETO
Física,05-optica,357,Interferência luminosa,fisica/cursos/05-optica/curso_aluno/unidades/357-interferencia-luminosa.html,PENDENTE_VIDEO_DIRETO
Física,05-optica,358,Experimento de dupla fenda,fisica/cursos/05-optica/curso_aluno/unidades/358-experimento-de-dupla-fenda.html,PENDENTE_VIDEO_DIRETO
Física,05-optica,360,Polarização da luz,fisica/cursos/05-optica/curso_aluno/unidades/360-polarizacao-da-luz.html,PENDENTE_VIDEO_DIRETO
Física,05-optica,361,Limite de resolução e caráter ondulatório da luz,fisica/cursos/05-optica/curso_aluno/unidades/361-limite-de-resolucao-e-carater-ondulatorio-da-luz.html,PENDENTE_VIDEO_DIRETO
Física,06-eletromagnetismo-classico,363,Conservação da carga elétrica,fisica/cursos/06-eletromagnetismo-classico/curso_aluno/unidades/363-conservacao-da-carga-eletrica.html,PENDENTE_VIDEO_DIRETO
Física,06-eletromagnetismo-classico,364,"Condutores, isolantes e semicondutores",fisica/cursos/06-eletromagnetismo-classico/curso_aluno/unidades/364-condutores-isolantes-e-semicondutores.html,PENDENTE_VIDEO_DIRETO
Física,06-eletromagnetismo-classico,366,Polarização elétrica,fisica/cursos/06-eletromagnetismo-classico/curso_aluno/unidades/366-polarizacao-eletrica.html,PENDENTE_VIDEO_DIRETO
Física,06-eletromagnetismo-classico,368,Superposição de forças elétricas,fisica/cursos/06-eletromagnetismo-classico/curso_aluno/unidades/368-superposicao-de-forcas-eletricas.html,PENDENTE_VIDEO_DIRETO
Física,06-eletromagnetismo-classico,370,Campo de carga puntiforme,fisica/cursos/06-eletromagnetismo-classico/curso_aluno/unidades/370-campo-de-carga-puntiforme.html,PENDENTE_VIDEO_DIRETO
Física,06-eletromagnetismo-classico,371,Superposição de campos elétricos,fisica/cursos/06-eletromagnetismo-classico/curso_aluno/unidades/371-superposicao-de-campos-eletricos.html,PENDENTE_VIDEO_DIRETO
Física,06-eletromagnetismo-classico,373,Campo elétrico uniforme,fisica/cursos/06-eletromagnetismo-classico/curso_aluno/unidades/373-campo-eletrico-uniforme.html,PENDENTE_VIDEO_DIRETO
Física,06-eletromagnetismo-classico,374,Movimento de carga em campo elétrico uniforme,fisica/cursos/06-eletromagnetismo-classico/curso_aluno/unidades/374-movimento-de-carga-em-campo-eletrico-uniforme.html,PENDENTE_VIDEO_DIRETO
Física,06-eletromagnetismo-classico,375,Fluxo elétrico e Lei de Gauss em nível qualitativo,fisica/cursos/06-eletromagnetismo-classico/curso_aluno/unidades/375-fluxo-eletrico-e-lei-de-gauss-em-nivel-qualitativo.html,PENDENTE_VIDEO_DIRETO
Física,06-eletromagnetismo-classico,376,Energia potencial elétrica,fisica/cursos/06-eletromagnetismo-classico/curso_aluno/unidades/376-energia-potencial-eletrica.html,PENDENTE_VIDEO_DIRETO
Física,06-eletromagnetismo-classico,377,Potencial elétrico,fisica/cursos/06-eletromagnetismo-classico/curso_aluno/unidades/377-potencial-eletrico.html,PENDENTE_VIDEO_DIRETO
Física,06-eletromagnetismo-classico,378,Diferença de potencial e trabalho elétrico,fisica/cursos/06-eletromagnetismo-classico/curso_aluno/unidades/378-diferenca-de-potencial-e-trabalho-eletrico.html,PENDENTE_VIDEO_DIRETO
Física,06-eletromagnetismo-classico,379,Superfícies equipotenciais,fisica/cursos/06-eletromagnetismo-classico/curso_aluno/unidades/379-superficies-equipotenciais.html,PENDENTE_VIDEO_DIRETO
Física,06-eletromagnetismo-classico,380,Relação entre campo e potencial em casos simples,fisica/cursos/06-eletromagnetismo-classico/curso_aluno/unidades/380-relacao-entre-campo-e-potencial-em-casos-simples.html,PENDENTE_VIDEO_DIRETO
Física,06-eletromagnetismo-classico,384,Energia armazenada em capacitores,fisica/cursos/06-eletromagnetismo-classico/curso_aluno/unidades/384-energia-armazenada-em-capacitores.html,PENDENTE_VIDEO_DIRETO
Física,06-eletromagnetismo-classico,385,Dielétricos em nível conceitual,fisica/cursos/06-eletromagnetismo-classico/curso_aluno/unidades/385-dieletricos-em-nivel-conceitual.html,PENDENTE_VIDEO_DIRETO
Física,06-eletromagnetismo-classico,386,Corrente elétrica e sentido convencional,fisica/cursos/06-eletromagnetismo-classico/curso_aluno/unidades/386-corrente-eletrica-e-sentido-convencional.html,PENDENTE_VIDEO_DIRETO
Física,06-eletromagnetismo-classico,387,Densidade de corrente em nível conceitual,fisica/cursos/06-eletromagnetismo-classico/curso_aluno/unidades/387-densidade-de-corrente-em-nivel-conceitual.html,PENDENTE_VIDEO_DIRETO
Física,06-eletromagnetismo-classico,393,Circuitos mistos,fisica/cursos/06-eletromagnetismo-classico/curso_aluno/unidades/393-circuitos-mistos.html,PENDENTE_VIDEO_DIRETO
Física,06-eletromagnetismo-classico,401,Circuitos RC: carga e descarga qualitativa,fisica/cursos/06-eletromagnetismo-classico/curso_aluno/unidades/401-circuitos-rc-carga-e-descarga-qualitativa.html,PENDENTE_VIDEO_DIRETO
Física,06-eletromagnetismo-classico,403,Campo magnético terrestre,fisica/cursos/06-eletromagnetismo-classico/curso_aluno/unidades/403-campo-magnetico-terrestre.html,PENDENTE_VIDEO_DIRETO
Física,06-eletromagnetismo-classico,404,Campo magnético de corrente retilínea,fisica/cursos/06-eletromagnetismo-classico/curso_aluno/unidades/404-campo-magnetico-de-corrente-retilinea.html,PENDENTE_VIDEO_DIRETO
Física,06-eletromagnetismo-classico,405,Campo magnético de espira e solenoide,fisica/cursos/06-eletromagnetismo-classico/curso_aluno/unidades/405-campo-magnetico-de-espira-e-solenoide.html,PENDENTE_VIDEO_DIRETO
Física,06-eletromagnetismo-classico,406,Força magnética sobre carga em movimento,fisica/cursos/06-eletromagnetismo-classico/curso_aluno/unidades/406-forca-magnetica-sobre-carga-em-movimento.html,PENDENTE_VIDEO_DIRETO
Física,06-eletromagnetismo-classico,407,Movimento circular de carga em campo magnético,fisica/cursos/06-eletromagnetismo-classico/curso_aluno/unidades/407-movimento-circular-de-carga-em-campo-magnetico.html,PENDENTE_VIDEO_DIRETO
Física,06-eletromagnetismo-classico,408,Força magnética sobre fio com corrente,fisica/cursos/06-eletromagnetismo-classico/curso_aluno/unidades/408-forca-magnetica-sobre-fio-com-corrente.html,PENDENTE_VIDEO_DIRETO
Física,06-eletromagnetismo-classico,409,Torque em espira e motor elétrico,fisica/cursos/06-eletromagnetismo-classico/curso_aluno/unidades/409-torque-em-espira-e-motor-eletrico.html,PENDENTE_VIDEO_DIRETO
Física,06-eletromagnetismo-classico,410,Lei de Ampère em nível qualitativo,fisica/cursos/06-eletromagnetismo-classico/curso_aluno/unidades/410-lei-de-ampere-em-nivel-qualitativo.html,PENDENTE_VIDEO_DIRETO
Física,06-eletromagnetismo-classico,411,Fluxo magnético,fisica/cursos/06-eletromagnetismo-classico/curso_aluno/unidades/411-fluxo-magnetico.html,PENDENTE_VIDEO_DIRETO
Física,06-eletromagnetismo-classico,412,Lei de Faraday,fisica/cursos/06-eletromagnetismo-classico/curso_aluno/unidades/412-lei-de-faraday.html,PENDENTE_VIDEO_DIRETO
Física,06-eletromagnetismo-classico,413,Lei de Lenz,fisica/cursos/06-eletromagnetismo-classico/curso_aluno/unidades/413-lei-de-lenz.html,PENDENTE_VIDEO_DIRETO
Física,06-eletromagnetismo-classico,414,Força eletromotriz de movimento,fisica/cursos/06-eletromagnetismo-classico/curso_aluno/unidades/414-forca-eletromotriz-de-movimento.html,PENDENTE_VIDEO_DIRETO
Física,06-eletromagnetismo-classico,416,Autoindução e indutância em nível conceitual,fisica/cursos/06-eletromagnetismo-classico/curso_aluno/unidades/416-autoinducao-e-indutancia-em-nivel-conceitual.html,PENDENTE_VIDEO_DIRETO
Física,06-eletromagnetismo-classico,417,Transformadores,fisica/cursos/06-eletromagnetismo-classico/curso_aluno/unidades/417-transformadores.html,PENDENTE_VIDEO_DIRETO
Física,06-eletromagnetismo-classico,418,Corrente alternada e valores eficazes,fisica/cursos/06-eletromagnetismo-classico/curso_aluno/unidades/418-corrente-alternada-e-valores-eficazes.html,PENDENTE_VIDEO_DIRETO
Física,06-eletromagnetismo-classico,419,Circuitos RLC e ressonância em nível conceitual,fisica/cursos/06-eletromagnetismo-classico/curso_aluno/unidades/419-circuitos-rlc-e-ressonancia-em-nivel-conceitual.html,PENDENTE_VIDEO_DIRETO
Física,06-eletromagnetismo-classico,420,Síntese de Maxwell em nível conceitual,fisica/cursos/06-eletromagnetismo-classico/curso_aluno/unidades/420-sintese-de-maxwell-em-nivel-conceitual.html,PENDENTE_VIDEO_DIRETO
Física,06-eletromagnetismo-classico,423,"Energia, intensidade e aplicações do espectro",fisica/cursos/06-eletromagnetismo-classico/curso_aluno/unidades/423-energia-intensidade-e-aplicacoes-do-espectro.html,PENDENTE_VIDEO_DIRETO
Física,07-fisica-moderna-nuclear-e-cosmologia,425,Relatividade da simultaneidade,fisica/cursos/07-fisica-moderna-nuclear-e-cosmologia/curso_aluno/unidades/425-relatividade-da-simultaneidade.html,PENDENTE_VIDEO_DIRETO
Física,07-fisica-moderna-nuclear-e-cosmologia,427,Contração do comprimento,fisica/cursos/07-fisica-moderna-nuclear-e-cosmologia/curso_aluno/unidades/427-contracao-do-comprimento.html,PENDENTE_VIDEO_DIRETO
Física,07-fisica-moderna-nuclear-e-cosmologia,428,Composição relativística de velocidades em nível conceitual,fisica/cursos/07-fisica-moderna-nuclear-e-cosmologia/curso_aluno/unidades/428-composicao-relativistica-de-velocidades-em-nivel-conceitual.html,PENDENTE_VIDEO_DIRETO
Física,07-fisica-moderna-nuclear-e-cosmologia,429,Energia relativística e equivalência massa–energia,fisica/cursos/07-fisica-moderna-nuclear-e-cosmologia/curso_aluno/unidades/429-energia-relativistica-e-equivalencia-massaenergia.html,PENDENTE_VIDEO_DIRETO
Física,07-fisica-moderna-nuclear-e-cosmologia,430,Quantização de energia e constante de Planck,fisica/cursos/07-fisica-moderna-nuclear-e-cosmologia/curso_aluno/unidades/430-quantizacao-de-energia-e-constante-de-planck.html,PENDENTE_VIDEO_DIRETO
Física,07-fisica-moderna-nuclear-e-cosmologia,432,Fóton e dualidade onda-partícula da luz,fisica/cursos/07-fisica-moderna-nuclear-e-cosmologia/curso_aluno/unidades/432-foton-e-dualidade-onda-particula-da-luz.html,PENDENTE_VIDEO_DIRETO
Física,07-fisica-moderna-nuclear-e-cosmologia,433,Modelo de Bohr e espectros atômicos,fisica/cursos/07-fisica-moderna-nuclear-e-cosmologia/curso_aluno/unidades/433-modelo-de-bohr-e-espectros-atomicos.html,PENDENTE_VIDEO_DIRETO
Física,07-fisica-moderna-nuclear-e-cosmologia,434,Comprimento de onda de de Broglie,fisica/cursos/07-fisica-moderna-nuclear-e-cosmologia/curso_aluno/unidades/434-comprimento-de-onda-de-de-broglie.html,PENDENTE_VIDEO_DIRETO
Física,07-fisica-moderna-nuclear-e-cosmologia,435,Dualidade onda-partícula da matéria,fisica/cursos/07-fisica-moderna-nuclear-e-cosmologia/curso_aluno/unidades/435-dualidade-onda-particula-da-materia.html,PENDENTE_VIDEO_DIRETO
Física,07-fisica-moderna-nuclear-e-cosmologia,436,Princípio da incerteza em nível conceitual,fisica/cursos/07-fisica-moderna-nuclear-e-cosmologia/curso_aluno/unidades/436-principio-da-incerteza-em-nivel-conceitual.html,PENDENTE_VIDEO_DIRETO
Física,07-fisica-moderna-nuclear-e-cosmologia,437,Laser e emissão estimulada em nível conceitual,fisica/cursos/07-fisica-moderna-nuclear-e-cosmologia/curso_aluno/unidades/437-laser-e-emissao-estimulada-em-nivel-conceitual.html,PENDENTE_VIDEO_DIRETO
Física,07-fisica-moderna-nuclear-e-cosmologia,438,Estrutura do núcleo e isótopos,fisica/cursos/07-fisica-moderna-nuclear-e-cosmologia/curso_aluno/unidades/438-estrutura-do-nucleo-e-isotopos.html,PENDENTE_VIDEO_DIRETO
Física,07-fisica-moderna-nuclear-e-cosmologia,439,Defeito de massa e energia de ligação,fisica/cursos/07-fisica-moderna-nuclear-e-cosmologia/curso_aluno/unidades/439-defeito-de-massa-e-energia-de-ligacao.html,PENDENTE_VIDEO_DIRETO
Física,07-fisica-moderna-nuclear-e-cosmologia,441,Lei de decaimento radioativo,fisica/cursos/07-fisica-moderna-nuclear-e-cosmologia/curso_aluno/unidades/441-lei-de-decaimento-radioativo.html,PENDENTE_VIDEO_DIRETO
Física,07-fisica-moderna-nuclear-e-cosmologia,442,Meia-vida,fisica/cursos/07-fisica-moderna-nuclear-e-cosmologia/curso_aluno/unidades/442-meia-vida.html,PENDENTE_VIDEO_DIRETO
Física,07-fisica-moderna-nuclear-e-cosmologia,443,Reações nucleares e conservação,fisica/cursos/07-fisica-moderna-nuclear-e-cosmologia/curso_aluno/unidades/443-reacoes-nucleares-e-conservacao.html,PENDENTE_VIDEO_DIRETO
Física,07-fisica-moderna-nuclear-e-cosmologia,444,Fissão nuclear,fisica/cursos/07-fisica-moderna-nuclear-e-cosmologia/curso_aluno/unidades/444-fissao-nuclear.html,PENDENTE_VIDEO_DIRETO
Física,07-fisica-moderna-nuclear-e-cosmologia,445,Fusão nuclear,fisica/cursos/07-fisica-moderna-nuclear-e-cosmologia/curso_aluno/unidades/445-fusao-nuclear.html,PENDENTE_VIDEO_DIRETO
Física,07-fisica-moderna-nuclear-e-cosmologia,446,Dosimetria e interação da radiação com matéria em nível introdutório,fisica/cursos/07-fisica-moderna-nuclear-e-cosmologia/curso_aluno/unidades/446-dosimetria-e-interacao-da-radiacao-com-materia-em-nivel-introdutorio.html,PENDENTE_VIDEO_DIRETO
Física,07-fisica-moderna-nuclear-e-cosmologia,447,"Escalas astronômicas: UA, ano-luz e parsec",fisica/cursos/07-fisica-moderna-nuclear-e-cosmologia/curso_aluno/unidades/447-escalas-astronomicas-ua-ano-luz-e-parsec.html,PENDENTE_VIDEO_DIRETO
Física,07-fisica-moderna-nuclear-e-cosmologia,448,Espectros estelares e temperatura,fisica/cursos/07-fisica-moderna-nuclear-e-cosmologia/curso_aluno/unidades/448-espectros-estelares-e-temperatura.html,PENDENTE_VIDEO_DIRETO
Física,07-fisica-moderna-nuclear-e-cosmologia,449,"Luminosidade, fluxo e lei do inverso do quadrado",fisica/cursos/07-fisica-moderna-nuclear-e-cosmologia/curso_aluno/unidades/449-luminosidade-fluxo-e-lei-do-inverso-do-quadrado.html,PENDENTE_VIDEO_DIRETO
Física,07-fisica-moderna-nuclear-e-cosmologia,450,Evolução estelar em nível introdutório,fisica/cursos/07-fisica-moderna-nuclear-e-cosmologia/curso_aluno/unidades/450-evolucao-estelar-em-nivel-introdutorio.html,PENDENTE_VIDEO_DIRETO
Física,07-fisica-moderna-nuclear-e-cosmologia,451,Efeito Doppler cosmológico e redshift,fisica/cursos/07-fisica-moderna-nuclear-e-cosmologia/curso_aluno/unidades/451-efeito-doppler-cosmologico-e-redshift.html,PENDENTE_VIDEO_DIRETO
Física,07-fisica-moderna-nuclear-e-cosmologia,452,Lei de Hubble-Lemaître,fisica/cursos/07-fisica-moderna-nuclear-e-cosmologia/curso_aluno/unidades/452-lei-de-hubble-lemaitre.html,PENDENTE_VIDEO_DIRETO
Física,07-fisica-moderna-nuclear-e-cosmologia,453,Evidências observacionais do Big Bang,fisica/cursos/07-fisica-moderna-nuclear-e-cosmologia/curso_aluno/unidades/453-evidencias-observacionais-do-big-bang.html,PENDENTE_VIDEO_DIRETO
Física,07-fisica-moderna-nuclear-e-cosmologia,454,Radiação cósmica de fundo em nível conceitual,fisica/cursos/07-fisica-moderna-nuclear-e-cosmologia/curso_aluno/unidades/454-radiacao-cosmica-de-fundo-em-nivel-conceitual.html,PENDENTE_VIDEO_DIRETO
Física,07-fisica-moderna-nuclear-e-cosmologia,455,Gravidade e lentes gravitacionais em nível introdutório,fisica/cursos/07-fisica-moderna-nuclear-e-cosmologia/curso_aluno/unidades/455-gravidade-e-lentes-gravitacionais-em-nivel-introdutorio.html,PENDENTE_VIDEO_DIRETO
Interpretação de Texto,Curso_Interpretacao_Textual_Teoria_Projeto_E_v0.1,001,Leitura literal e localização de informação explícita,interpretacao_textual/cursos/Curso_Interpretacao_Textual_Teoria_Projeto_E_v0.1/curso_aluno/unidades/001-leitura-literal-e-localizacao-de-informacao-explicita.html,PENDENTE_VIDEO_DIRETO
Interpretação de Texto,Curso_Interpretacao_Textual_Teoria_Projeto_E_v0.1,002,Inferência textual autorizada,interpretacao_textual/cursos/Curso_Interpretacao_Textual_Teoria_Projeto_E_v0.1/curso_aluno/unidades/002-inferencia-textual-autorizada.html,PENDENTE_VIDEO_DIRETO
Interpretação de Texto,Curso_Interpretacao_Textual_Teoria_Projeto_E_v0.1,003,Evidência textual versus opinião do leitor,interpretacao_textual/cursos/Curso_Interpretacao_Textual_Teoria_Projeto_E_v0.1/curso_aluno/unidades/003-evidencia-textual-versus-opiniao-do-leitor.html,PENDENTE_VIDEO_DIRETO
Interpretação de Texto,Curso_Interpretacao_Textual_Teoria_Projeto_E_v0.1,004,Contexto linguístico e contexto extralinguístico,interpretacao_textual/cursos/Curso_Interpretacao_Textual_Teoria_Projeto_E_v0.1/curso_aluno/unidades/004-contexto-linguistico-e-contexto-extralinguistico.html,PENDENTE_VIDEO_DIRETO
Interpretação de Texto,Curso_Interpretacao_Textual_Teoria_Projeto_E_v0.1,005,Limites da inferência e graus de certeza,interpretacao_textual/cursos/Curso_Interpretacao_Textual_Teoria_Projeto_E_v0.1/curso_aluno/unidades/005-limites-da-inferencia-e-graus-de-certeza.html,PENDENTE_VIDEO_DIRETO
Interpretação de Texto,Curso_Interpretacao_Textual_Teoria_Projeto_E_v0.1,006,Sentido implícito,interpretacao_textual/cursos/Curso_Interpretacao_Textual_Teoria_Projeto_E_v0.1/curso_aluno/unidades/006-sentido-implicito.html,PENDENTE_VIDEO_DIRETO
Interpretação de Texto,Curso_Interpretacao_Textual_Teoria_Projeto_E_v0.1,008,Implicatura em contexto,interpretacao_textual/cursos/Curso_Interpretacao_Textual_Teoria_Projeto_E_v0.1/curso_aluno/unidades/008-implicatura-em-contexto.html,PENDENTE_VIDEO_DIRETO
Interpretação de Texto,Curso_Interpretacao_Textual_Teoria_Projeto_E_v0.1,010,Polissemia e desambiguação contextual,interpretacao_textual/cursos/Curso_Interpretacao_Textual_Teoria_Projeto_E_v0.1/curso_aluno/unidades/010-polissemia-e-desambiguacao-contextual.html,PENDENTE_VIDEO_DIRETO
Interpretação de Texto,Curso_Interpretacao_Textual_Teoria_Projeto_E_v0.1,011,Ironia,interpretacao_textual/cursos/Curso_Interpretacao_Textual_Teoria_Projeto_E_v0.1/curso_aluno/unidades/011-ironia.html,PENDENTE_VIDEO_DIRETO
Interpretação de Texto,Curso_Interpretacao_Textual_Teoria_Projeto_E_v0.1,012,Elementos geradores de humor,interpretacao_textual/cursos/Curso_Interpretacao_Textual_Teoria_Projeto_E_v0.1/curso_aluno/unidades/012-elementos-geradores-de-humor.html,PENDENTE_VIDEO_DIRETO
Interpretação de Texto,Curso_Interpretacao_Textual_Teoria_Projeto_E_v0.1,018,Efeito de sentido das figuras em contexto,interpretacao_textual/cursos/Curso_Interpretacao_Textual_Teoria_Projeto_E_v0.1/curso_aluno/unidades/018-efeito-de-sentido-das-figuras-em-contexto.html,PENDENTE_VIDEO_DIRETO
Interpretação de Texto,Curso_Interpretacao_Textual_Teoria_Projeto_E_v0.1,022,Relações de antecipação,interpretacao_textual/cursos/Curso_Interpretacao_Textual_Teoria_Projeto_E_v0.1/curso_aluno/unidades/022-relacoes-de-antecipacao.html,PENDENTE_VIDEO_DIRETO
Interpretação de Texto,Curso_Interpretacao_Textual_Teoria_Projeto_E_v0.1,024,Progressão temática,interpretacao_textual/cursos/Curso_Interpretacao_Textual_Teoria_Projeto_E_v0.1/curso_aluno/unidades/024-progressao-tematica.html,PENDENTE_VIDEO_DIRETO
Interpretação de Texto,Curso_Interpretacao_Textual_Teoria_Projeto_E_v0.1,031,"Finalidade, suporte, circulação e público de um gênero",interpretacao_textual/cursos/Curso_Interpretacao_Textual_Teoria_Projeto_E_v0.1/curso_aluno/unidades/031-finalidade-suporte-circulacao-e-publico-de-um-genero.html,PENDENTE_VIDEO_DIRETO
Interpretação de Texto,Curso_Interpretacao_Textual_Teoria_Projeto_E_v0.1,032,Hibridização de gêneros,interpretacao_textual/cursos/Curso_Interpretacao_Textual_Teoria_Projeto_E_v0.1/curso_aluno/unidades/032-hibridizacao-de-generos.html,PENDENTE_VIDEO_DIRETO
Interpretação de Texto,Curso_Interpretacao_Textual_Teoria_Projeto_E_v0.1,041,Emprego simultâneo de diversas funções da linguagem,interpretacao_textual/cursos/Curso_Interpretacao_Textual_Teoria_Projeto_E_v0.1/curso_aluno/unidades/041-emprego-simultaneo-de-diversas-funcoes-da-linguagem.html,PENDENTE_VIDEO_DIRETO
Interpretação de Texto,Curso_Interpretacao_Textual_Teoria_Projeto_E_v0.1,042,Modalização e posicionamento do enunciador,interpretacao_textual/cursos/Curso_Interpretacao_Textual_Teoria_Projeto_E_v0.1/curso_aluno/unidades/042-modalizacao-e-posicionamento-do-enunciador.html,PENDENTE_VIDEO_DIRETO
Interpretação de Texto,Curso_Interpretacao_Textual_Teoria_Projeto_E_v0.1,043,"Vozes, discurso citado e distância enunciativa",interpretacao_textual/cursos/Curso_Interpretacao_Textual_Teoria_Projeto_E_v0.1/curso_aluno/unidades/043-vozes-discurso-citado-e-distancia-enunciativa.html,PENDENTE_VIDEO_DIRETO
Interpretação de Texto,Curso_Interpretacao_Textual_Teoria_Projeto_E_v0.1,046,Provérbios e ditados populares,interpretacao_textual/cursos/Curso_Interpretacao_Textual_Teoria_Projeto_E_v0.1/curso_aluno/unidades/046-proverbios-e-ditados-populares.html,PENDENTE_VIDEO_DIRETO
Interpretação de Texto,Curso_Interpretacao_Textual_Teoria_Projeto_E_v0.1,048,"Leitura de charge, cartum e tirinha",interpretacao_textual/cursos/Curso_Interpretacao_Textual_Teoria_Projeto_E_v0.1/curso_aluno/unidades/048-leitura-de-charge-cartum-e-tirinha.html,PENDENTE_VIDEO_DIRETO
Interpretação de Texto,Curso_Interpretacao_Textual_Teoria_Projeto_E_v0.1,049,"Leitura de infográfico, gráfico, tabela e diagrama",interpretacao_textual/cursos/Curso_Interpretacao_Textual_Teoria_Projeto_E_v0.1/curso_aluno/unidades/049-leitura-de-infografico-grafico-tabela-e-diagrama.html,PENDENTE_VIDEO_DIRETO
Interpretação de Texto,Curso_Interpretacao_Textual_Teoria_Projeto_E_v0.1,050,"Relações entre texto, imagem, tipografia e composição visual",interpretacao_textual/cursos/Curso_Interpretacao_Textual_Teoria_Projeto_E_v0.1/curso_aluno/unidades/050-relacoes-entre-texto-imagem-tipografia-e-composicao-visual.html,PENDENTE_VIDEO_DIRETO
Interpretação de Texto,Curso_Interpretacao_Textual_Teoria_Projeto_E_v0.1,052,Oralidade,interpretacao_textual/cursos/Curso_Interpretacao_Textual_Teoria_Projeto_E_v0.1/curso_aluno/unidades/052-oralidade.html,PENDENTE_VIDEO_DIRETO
Interpretação de Texto,Curso_Interpretacao_Textual_Teoria_Projeto_E_v0.1,055,Registro e efeito de caracterização social,interpretacao_textual/cursos/Curso_Interpretacao_Textual_Teoria_Projeto_E_v0.1/curso_aluno/unidades/055-registro-e-efeito-de-caracterizacao-social.html,PENDENTE_VIDEO_DIRETO
Interpretação de Texto,Curso_Interpretacao_Textual_Teoria_Projeto_E_v0.1,056,Adequação linguística como construção de sentido,interpretacao_textual/cursos/Curso_Interpretacao_Textual_Teoria_Projeto_E_v0.1/curso_aluno/unidades/056-adequacao-linguistica-como-construcao-de-sentido.html,PENDENTE_VIDEO_DIRETO
Interpretação de Texto,Curso_Interpretacao_Textual_Teoria_Projeto_E_v0.1,058,"Argumento, evidência e exemplo",interpretacao_textual/cursos/Curso_Interpretacao_Textual_Teoria_Projeto_E_v0.1/curso_aluno/unidades/058-argumento-evidencia-e-exemplo.html,PENDENTE_VIDEO_DIRETO
Interpretação de Texto,Curso_Interpretacao_Textual_Teoria_Projeto_E_v0.1,059,"Relações de causa, consequência, concessão e condição",interpretacao_textual/cursos/Curso_Interpretacao_Textual_Teoria_Projeto_E_v0.1/curso_aluno/unidades/059-relacoes-de-causa-consequencia-concessao-e-condicao.html,PENDENTE_VIDEO_DIRETO
Interpretação de Texto,Curso_Interpretacao_Textual_Teoria_Projeto_E_v0.1,060,Contra-argumento e refutação,interpretacao_textual/cursos/Curso_Interpretacao_Textual_Teoria_Projeto_E_v0.1/curso_aluno/unidades/060-contra-argumento-e-refutacao.html,PENDENTE_VIDEO_DIRETO
Interpretação de Texto,Curso_Interpretacao_Textual_Teoria_Projeto_E_v0.1,062,"Autoridade, dados e analogia como recursos argumentativos",interpretacao_textual/cursos/Curso_Interpretacao_Textual_Teoria_Projeto_E_v0.1/curso_aluno/unidades/062-autoridade-dados-e-analogia-como-recursos-argumentativos.html,PENDENTE_VIDEO_DIRETO
Interpretação de Texto,Curso_Interpretacao_Textual_Teoria_Projeto_E_v0.1,064,"Fato, opinião, julgamento de valor e hipótese",interpretacao_textual/cursos/Curso_Interpretacao_Textual_Teoria_Projeto_E_v0.1/curso_aluno/unidades/064-fato-opiniao-julgamento-de-valor-e-hipotese.html,PENDENTE_VIDEO_DIRETO
Interpretação de Texto,Curso_Interpretacao_Textual_Teoria_Projeto_E_v0.1,065,"Autoria, fonte, data e contexto de publicação",interpretacao_textual/cursos/Curso_Interpretacao_Textual_Teoria_Projeto_E_v0.1/curso_aluno/unidades/065-autoria-fonte-data-e-contexto-de-publicacao.html,PENDENTE_VIDEO_DIRETO
Interpretação de Texto,Curso_Interpretacao_Textual_Teoria_Projeto_E_v0.1,066,Confiabilidade e qualidade da evidência,interpretacao_textual/cursos/Curso_Interpretacao_Textual_Teoria_Projeto_E_v0.1/curso_aluno/unidades/066-confiabilidade-e-qualidade-da-evidencia.html,PENDENTE_VIDEO_DIRETO
Interpretação de Texto,Curso_Interpretacao_Textual_Teoria_Projeto_E_v0.1,067,"Viés, seleção e enquadramento de informação",interpretacao_textual/cursos/Curso_Interpretacao_Textual_Teoria_Projeto_E_v0.1/curso_aluno/unidades/067-vies-selecao-e-enquadramento-de-informacao.html,PENDENTE_VIDEO_DIRETO
Interpretação de Texto,Curso_Interpretacao_Textual_Teoria_Projeto_E_v0.1,068,"Desinformação, manipulação e checagem",interpretacao_textual/cursos/Curso_Interpretacao_Textual_Teoria_Projeto_E_v0.1/curso_aluno/unidades/068-desinformacao-manipulacao-e-checagem.html,PENDENTE_VIDEO_DIRETO
Interpretação de Texto,Curso_Interpretacao_Textual_Teoria_Projeto_E_v0.1,069,Correlação versus causalidade em textos de divulgação,interpretacao_textual/cursos/Curso_Interpretacao_Textual_Teoria_Projeto_E_v0.1/curso_aluno/unidades/069-correlacao-versus-causalidade-em-textos-de-divulgacao.html,PENDENTE_VIDEO_DIRETO
Interpretação de Texto,Curso_Interpretacao_Textual_Teoria_Projeto_E_v0.1,072,Leitura de texto histórico-documental,interpretacao_textual/cursos/Curso_Interpretacao_Textual_Teoria_Projeto_E_v0.1/curso_aluno/unidades/072-leitura-de-texto-historico-documental.html,PENDENTE_VIDEO_DIRETO
Interpretação de Texto,Curso_Interpretacao_Textual_Teoria_Projeto_E_v0.1,073,Tipos de questões de interpretação,interpretacao_textual/cursos/Curso_Interpretacao_Textual_Teoria_Projeto_E_v0.1/curso_aluno/unidades/073-tipos-de-questoes-de-interpretacao.html,PENDENTE_VIDEO_DIRETO
Interpretação de Texto,Curso_Interpretacao_Textual_Teoria_Projeto_E_v0.1,074,Relações de leitura,interpretacao_textual/cursos/Curso_Interpretacao_Textual_Teoria_Projeto_E_v0.1/curso_aluno/unidades/074-relacoes-de-leitura.html,PENDENTE_VIDEO_DIRETO
Interpretação de Texto,Curso_Interpretacao_Textual_Teoria_Projeto_E_v0.1,075,Comparação entre dois ou mais textos,interpretacao_textual/cursos/Curso_Interpretacao_Textual_Teoria_Projeto_E_v0.1/curso_aluno/unidades/075-comparacao-entre-dois-ou-mais-textos.html,PENDENTE_VIDEO_DIRETO
Interpretação de Texto,Curso_Interpretacao_Textual_Teoria_Projeto_E_v0.1,077,Síntese e identificação de ideia central,interpretacao_textual/cursos/Curso_Interpretacao_Textual_Teoria_Projeto_E_v0.1/curso_aluno/unidades/077-sintese-e-identificacao-de-ideia-central.html,PENDENTE_VIDEO_DIRETO
Interpretação de Texto,Curso_Interpretacao_Textual_Teoria_Projeto_E_v0.1,078,Inferência de significado lexical pelo contexto,interpretacao_textual/cursos/Curso_Interpretacao_Textual_Teoria_Projeto_E_v0.1/curso_aluno/unidades/078-inferencia-de-significado-lexical-pelo-contexto.html,PENDENTE_VIDEO_DIRETO
Interpretação de Texto,Curso_Interpretacao_Textual_Teoria_Projeto_E_v0.1,079,Interpretação de textos literários sem substituir Literatura como disciplina,interpretacao_textual/cursos/Curso_Interpretacao_Textual_Teoria_Projeto_E_v0.1/curso_aluno/unidades/079-interpretacao-de-textos-literarios-sem-substituir-literatura-como-disciplina.html,PENDENTE_VIDEO_DIRETO
Interpretação de Texto,Curso_Interpretacao_Textual_Teoria_Projeto_E_v0.1,080,Leitura argumentada de textos longos,interpretacao_textual/cursos/Curso_Interpretacao_Textual_Teoria_Projeto_E_v0.1/curso_aluno/unidades/080-leitura-argumentada-de-textos-longos.html,PENDENTE_VIDEO_DIRETO
